{
 "files": [
  {
   "name": ".",
   "ftype": "dir",
   "chksum_type": null,
   "chksum_sha256": null,
   "format": 1
  },
  {
   "name": "plugins",
   "ftype": "dir",
   "chksum_type": null,
   "chksum_sha256": null,
   "format": 1
  },
  {
   "name": "plugins/modules",
   "ftype": "dir",
   "chksum_type": null,
   "chksum_sha256": null,
   "format": 1
  },
  {
   "name": "plugins/modules/repository.py",
   "ftype": "file",
   "chksum_type": "sha256",
   "chksum_sha256": "2facadaa8aa4ccafdae8c6e6cc1a3bf512136ca31d716940af046fab3cb7097d",
   "format": 1
  },
  {
   "name": "plugins/modules/operatingsystem.py",
   "ftype": "file",
   "chksum_type": "sha256",
   "chksum_sha256": "496ac64dd4716d50ff8905a6a5e6cdccbc0ca12c4d04b9c87be51f9336cdda65",
   "format": 1
  },
  {
   "name": "plugins/modules/domain_info.py",
   "ftype": "file",
   "chksum_type": "sha256",
   "chksum_sha256": "e76723994c1b38aa4c9be56feef37fb9b2fa44982dcd9dea7dc790a501014ca4",
   "format": 1
  },
  {
   "name": "plugins/modules/os_default_template.py",
   "ftype": "file",
   "chksum_type": "sha256",
   "chksum_sha256": "02070e18599495b8ba97aec4f51e08564648065ddee5fd3c42fdaf1660e9dab8",
   "format": 1
  },
  {
   "name": "plugins/modules/repository_sync.py",
   "ftype": "file",
   "chksum_type": "sha256",
   "chksum_sha256": "efd3b5b4b949f646a13d365c8573d72a31bf3af29c03c11d4be9d0479eb473f3",
   "format": 1
  },
  {
   "name": "plugins/modules/product.py",
   "ftype": "file",
   "chksum_type": "sha256",
   "chksum_sha256": "98d43acf90507636cba40cdfbda5ab844c8904da51e4fde6331f25d8125f03dc",
   "format": 1
  },
  {
   "name": "plugins/modules/content_view.py",
   "ftype": "file",
   "chksum_type": "sha256",
   "chksum_sha256": "6edce4c618db46ffbd2f2fda8591dd1d56f522b654b31564cd15458b9a94eaae",
   "format": 1
  },
  {
   "name": "plugins/modules/bookmark.py",
   "ftype": "file",
   "chksum_type": "sha256",
   "chksum_sha256": "76c52fe346b5b20ef4997b3f816d2b996c1c5a4f8cee7f73cb90c97fe0adc820",
   "format": 1
  },
  {
   "name": "plugins/modules/lifecycle_environment.py",
   "ftype": "file",
   "chksum_type": "sha256",
   "chksum_sha256": "f2c67c928966f90f6893b7c29effe82a97a462191449e74bd84999e05bc40378",
   "format": 1
  },
  {
   "name": "plugins/modules/subnet_info.py",
   "ftype": "file",
   "chksum_type": "sha256",
   "chksum_sha256": "1adba416abbe6a43e17d2833d22c43d0c58fd350e6f2a337cdfea104d5e49ca9",
   "format": 1
  },
  {
   "name": "plugins/modules/host_power.py",
   "ftype": "file",
   "chksum_type": "sha256",
   "chksum_sha256": "c3a1e191165d94b708546db6a3b0a5a38362d757158da64fe72406b5e151085e",
   "format": 1
  },
  {
   "name": "plugins/modules/repository_set_info.py",
   "ftype": "file",
   "chksum_type": "sha256",
   "chksum_sha256": "21112984964503599daee1f8629dee78f29f3c4a4a60228e62c20ba6dbb8be28",
   "format": 1
  },
  {
   "name": "plugins/modules/subnet.py",
   "ftype": "file",
   "chksum_type": "sha256",
   "chksum_sha256": "56981439536f180424446aa8c94791001d9d74966715599708f34e06713cebff",
   "format": 1
  },
  {
   "name": "plugins/modules/status_info.py",
   "ftype": "file",
   "chksum_type": "sha256",
   "chksum_sha256": "b40d8c6a67c098fefcc47b37add57e107033205b56cd5a0cc53fcbdce8bd74b5",
   "format": 1
  },
  {
   "name": "plugins/modules/content_view_version_info.py",
   "ftype": "file",
   "chksum_type": "sha256",
   "chksum_sha256": "4ffb312ffa1b891a940da677e20ac8eb5aa9b97e225bb1ce463468b13df358fd",
   "format": 1
  },
  {
   "name": "plugins/modules/http_proxy.py",
   "ftype": "file",
   "chksum_type": "sha256",
   "chksum_sha256": "582b6fc66821f769e7040bc38ac4d2a064112d5f2c0e9a9b69740ffd1104c983",
   "format": 1
  },
  {
   "name": "plugins/modules/hostgroup.py",
   "ftype": "file",
   "chksum_type": "sha256",
   "chksum_sha256": "87e72b29a6580d711b09de080c5b9a7020d3cb33481927226d45b6049ed530dd",
   "format": 1
  },
  {
   "name": "plugins/modules/repository_set.py",
   "ftype": "file",
   "chksum_type": "sha256",
   "chksum_sha256": "e8468f2a452fe545438ddbbc3103399c36fbe1f687b3a4bd5edbce64b1b49104",
   "format": 1
  },
  {
   "name": "plugins/modules/activation_key.py",
   "ftype": "file",
   "chksum_type": "sha256",
   "chksum_sha256": "193cbca26d7d511d3cb5bc7f45970af733a39bfb4688cccbc393a0edcb2aae88",
   "format": 1
  },
  {
   "name": "plugins/modules/redhat_manifest.py",
   "ftype": "file",
   "chksum_type": "sha256",
   "chksum_sha256": "22014a38ec66bc54b0264790e564f04c01f50754aa35b91d07d7b922b71ab21c",
   "format": 1
  },
  {
   "name": "plugins/modules/resource_info.py",
   "ftype": "file",
   "chksum_type": "sha256",
   "chksum_sha256": "e1c93189a27d49449c3c1565f887505953de5118f8a2291b9080abc6c2abb290",
   "format": 1
  },
  {
   "name": "plugins/modules/smart_class_parameter.py",
   "ftype": "file",
   "chksum_type": "sha256",
   "chksum_sha256": "79880750644d397c1ee6aaf996c27bcabc15e85273215a0f1b6820eb2d7b6c78",
   "format": 1
  },
  {
   "name": "plugins/modules/global_parameter.py",
   "ftype": "file",
   "chksum_type": "sha256",
   "chksum_sha256": "0dc94762c660dc3773b51171d332a8cecef448e2f07868828ba532b4d8922782",
   "format": 1
  },
  {
   "name": "plugins/modules/smart_proxy.py",
   "ftype": "file",
   "chksum_type": "sha256",
   "chksum_sha256": "1ded286f6fdb92804ea50a0c96c2660dcb784df72fff8bc310bee62bce3087ca",
   "format": 1
  },
  {
   "name": "plugins/modules/puppet_environment.py",
   "ftype": "file",
   "chksum_type": "sha256",
   "chksum_sha256": "d0dc12829c3bacfefc8a85d43c875c912058cb422742d0f2dcab064d8c9a5557",
   "format": 1
  },
  {
   "name": "plugins/modules/auth_source_ldap.py",
   "ftype": "file",
   "chksum_type": "sha256",
   "chksum_sha256": "3930456eccd979fd7e8e5aac71b4443488d3cacf9b6e5083028ac26ea30f2bd7",
   "format": 1
  },
  {
   "name": "plugins/modules/realm.py",
   "ftype": "file",
   "chksum_type": "sha256",
   "chksum_sha256": "e5087b0c705cf6a608aecea02e5ea0dee9b9c2e139b755199b488898eea13abc",
   "format": 1
  },
  {
   "name": "plugins/modules/partition_table.py",
   "ftype": "file",
   "chksum_type": "sha256",
   "chksum_sha256": "36dafbc1ad3fbc567c66da0c774f0f36c26bfbdf4ecfb1482d6bad43f6ea77d6",
   "format": 1
  },
  {
   "name": "plugins/modules/subscription_manifest.py",
   "ftype": "file",
   "chksum_type": "sha256",
   "chksum_sha256": "451c758d5bc07be5d369348054a4aac9e70994ec502d3080eaee5ec5392db554",
   "format": 1
  },
  {
   "name": "plugins/modules/host_collection.py",
   "ftype": "file",
   "chksum_type": "sha256",
   "chksum_sha256": "3394c4154396ac4912c89afed2797e66970d70fed584e4f1849551a44d130f5b",
   "format": 1
  },
  {
   "name": "plugins/modules/compute_resource.py",
   "ftype": "file",
   "chksum_type": "sha256",
   "chksum_sha256": "25db0bb4a52933d881849496553c82aaf0c9901563704558e5ef6d8741dbc5b6",
   "format": 1
  },
  {
   "name": "plugins/modules/domain.py",
   "ftype": "file",
   "chksum_type": "sha256",
   "chksum_sha256": "6643d6b0fabfcfea13112df106a494e9d97f4989b0cad629b828b3373d65642b",
   "format": 1
  },
  {
   "name": "plugins/modules/sync_plan.py",
   "ftype": "file",
   "chksum_type": "sha256",
   "chksum_sha256": "d7a5ca9d2e951ee698f8f84ee1f4f24fec2afc3eabc31b3af97856d0f13797b8",
   "format": 1
  },
  {
   "name": "plugins/modules/installation_medium.py",
   "ftype": "file",
   "chksum_type": "sha256",
   "chksum_sha256": "508344224fd3d2702b919f75ef779b1f8366c72899c39823217bf06ed4c53b3a",
   "format": 1
  },
  {
   "name": "plugins/modules/role.py",
   "ftype": "file",
   "chksum_type": "sha256",
   "chksum_sha256": "00414395f4d86fc05078a56801435087334719ce25d8e4f1676ffd0a31cd1ef0",
   "format": 1
  },
  {
   "name": "plugins/modules/scap_content.py",
   "ftype": "file",
   "chksum_type": "sha256",
   "chksum_sha256": "ccb415652f59e34cf1f9fe4a4b0844c0d0503fb655239ed133f52c84dbda9ce3",
   "format": 1
  },
  {
   "name": "plugins/modules/puppetclasses_import.py",
   "ftype": "file",
   "chksum_type": "sha256",
   "chksum_sha256": "ee16bbf8186eba7da9ed1d3013d4f48f790a0f35290232ccb25ae755298d7a57",
   "format": 1
  },
  {
   "name": "plugins/modules/image.py",
   "ftype": "file",
   "chksum_type": "sha256",
   "chksum_sha256": "27c5a2c5d780f9b85ac0741bd9c5eb079d7b3bc6958d5f85e1c16752f31176e6",
   "format": 1
  },
  {
   "name": "plugins/modules/usergroup.py",
   "ftype": "file",
   "chksum_type": "sha256",
   "chksum_sha256": "6a9d6df5f428d2a0865205ae22720901f14d28d4037a6f8f80ab7c228350e67d",
   "format": 1
  },
  {
   "name": "plugins/modules/compute_attribute.py",
   "ftype": "file",
   "chksum_type": "sha256",
   "chksum_sha256": "251360fdd219f87cd4947fe4d4f6e5600bfa8082ba31399451bd84d60406298e",
   "format": 1
  },
  {
   "name": "plugins/modules/job_invocation.py",
   "ftype": "file",
   "chksum_type": "sha256",
   "chksum_sha256": "a25ab0d2378891b05b8ebbd78334d95880cff65d666d9da7486a774b49302c24",
   "format": 1
  },
  {
   "name": "plugins/modules/config_group.py",
   "ftype": "file",
   "chksum_type": "sha256",
   "chksum_sha256": "3da0833b6177a7a9b6c4c8a84db5a7209ea3c586a9e7b86c0a592a447108079e",
   "format": 1
  },
  {
   "name": "plugins/modules/host.py",
   "ftype": "file",
   "chksum_type": "sha256",
   "chksum_sha256": "c016209a3adc22dce97996f3d70dd70dc81699d93f15f94dee3a8b2d0d9baf7e",
   "format": 1
  },
  {
   "name": "plugins/modules/provisioning_template.py",
   "ftype": "file",
   "chksum_type": "sha256",
   "chksum_sha256": "21454ed2a31e17e3a25c5ce84239efac76aa5d1997142c0e4aa09f74a675d86c",
   "format": 1
  },
  {
   "name": "plugins/modules/snapshot.py",
   "ftype": "file",
   "chksum_type": "sha256",
   "chksum_sha256": "3ef069505f9b162049a7ec6beac1f88c26c83d6ec84da8248e01007e15a24131",
   "format": 1
  },
  {
   "name": "plugins/modules/content_upload.py",
   "ftype": "file",
   "chksum_type": "sha256",
   "chksum_sha256": "49c5ef52213e410b9fa0c1f52e986480700d2463497d90bc83ad6c71cc6bd7bf",
   "format": 1
  },
  {
   "name": "plugins/modules/hardware_model.py",
   "ftype": "file",
   "chksum_type": "sha256",
   "chksum_sha256": "db598a957fa07c32cb6ea465f79444a5d103de4c16b4eda575e2981359fc02d9",
   "format": 1
  },
  {
   "name": "plugins/modules/organization.py",
   "ftype": "file",
   "chksum_type": "sha256",
   "chksum_sha256": "99d085b356e2eae9d0d3bb93702197098c5a3cc6c697fdd09576c305211154e7",
   "format": 1
  },
  {
   "name": "plugins/modules/templates_import.py",
   "ftype": "file",
   "chksum_type": "sha256",
   "chksum_sha256": "29387dd51b003d83a04c5f86b799d4f7bf637db00b424acd76320caba52278b6",
   "format": 1
  },
  {
   "name": "plugins/modules/host_info.py",
   "ftype": "file",
   "chksum_type": "sha256",
   "chksum_sha256": "3e88c7d2c3b365d55c98f182ac3fe2d79727235c68d39ae8d5cccd9719421577",
   "format": 1
  },
  {
   "name": "plugins/modules/compute_profile.py",
   "ftype": "file",
   "chksum_type": "sha256",
   "chksum_sha256": "7e75573a41a0ec7b1fd13d4e9763c17732a18ad5c4dd3124d0b3aa8ab44b6834",
   "format": 1
  },
  {
   "name": "plugins/modules/content_view_version.py",
   "ftype": "file",
   "chksum_type": "sha256",
   "chksum_sha256": "2ed93cc365852f53011ea7bb2a7950f2534271c202cdf149f7318967c95a97b7",
   "format": 1
  },
  {
   "name": "plugins/modules/user.py",
   "ftype": "file",
   "chksum_type": "sha256",
   "chksum_sha256": "097dd0e9d695f71c0c3dca0852e2a8de907a06a800e0241cc10631d59a1b5f83",
   "format": 1
  },
  {
   "name": "plugins/modules/content_view_filter.py",
   "ftype": "file",
   "chksum_type": "sha256",
   "chksum_sha256": "933805fc3f2c62b1ef320a956c38d1386d04fdede979f8a46a50da29dbe5306f",
   "format": 1
  },
  {
   "name": "plugins/modules/content_view_info.py",
   "ftype": "file",
   "chksum_type": "sha256",
   "chksum_sha256": "0b6e98c8531a0e57c19d2d3dcdbf3073097a622b205fd124cff6f8090f65f3dd",
   "format": 1
  },
  {
   "name": "plugins/modules/repository_info.py",
   "ftype": "file",
   "chksum_type": "sha256",
   "chksum_sha256": "e5ca340d4152e75be0fbcf5de32af7ec880115ab74077f66aa6a0a7f08e07a0f",
   "format": 1
  },
  {
   "name": "plugins/modules/scap_tailoring_file.py",
   "ftype": "file",
   "chksum_type": "sha256",
   "chksum_sha256": "8e0a89ec41681f48f104cccac1a22caf9f9267274ed99b1a441638718a445ae2",
   "format": 1
  },
  {
   "name": "plugins/modules/setting_info.py",
   "ftype": "file",
   "chksum_type": "sha256",
   "chksum_sha256": "b4047c5726aeafc9324757637c68123b119e50b49bd2f52dae756b06b3e228d7",
   "format": 1
  },
  {
   "name": "plugins/modules/scc_account.py",
   "ftype": "file",
   "chksum_type": "sha256",
   "chksum_sha256": "6f14b325fad9499fada3a2021493097e29cda439af8ba62ca3fadaf43d9d575d",
   "format": 1
  },
  {
   "name": "plugins/modules/content_credential.py",
   "ftype": "file",
   "chksum_type": "sha256",
   "chksum_sha256": "c74ae794aeaa5f4c7dee41580dbc03566ac62948a99fec7c5591d45fade1f6ca",
   "format": 1
  },
  {
   "name": "plugins/modules/location.py",
   "ftype": "file",
   "chksum_type": "sha256",
   "chksum_sha256": "0c2a4b67562c308ef4597d62d4043c53ce16c0179007dc1ad5c534e43abb3b20",
   "format": 1
  },
  {
   "name": "plugins/modules/architecture.py",
   "ftype": "file",
   "chksum_type": "sha256",
   "chksum_sha256": "26759610a81cb370d14544f34b5743a3d192f281da41ce0b44c4d9b43adc9570",
   "format": 1
  },
  {
   "name": "plugins/modules/scc_product.py",
   "ftype": "file",
   "chksum_type": "sha256",
   "chksum_sha256": "f42e4c432be8c6665623e34620b97a404e1c64a970abfc4a549dff14673fab85",
   "format": 1
  },
  {
   "name": "plugins/modules/setting.py",
   "ftype": "file",
   "chksum_type": "sha256",
   "chksum_sha256": "41bed9eae667d8249ca8b23c44f790b877a9b4aad75a1bb40c60fe6da23ff942",
   "format": 1
  },
  {
   "name": "plugins/modules/external_usergroup.py",
   "ftype": "file",
   "chksum_type": "sha256",
   "chksum_sha256": "ba031c1ca976233e64c54572c54c70350e5f1a7b3ecc93028e0eb191b3594696",
   "format": 1
  },
  {
   "name": "plugins/modules/job_template.py",
   "ftype": "file",
   "chksum_type": "sha256",
   "chksum_sha256": "783c4d284880ba70fa72aade7492b29012e38cc8d331b119c1186fd0b2483cc3",
   "format": 1
  },
  {
   "name": "plugins/modules/subscription_info.py",
   "ftype": "file",
   "chksum_type": "sha256",
   "chksum_sha256": "e1f49873856698bef0163c38496ef7f91abcbcdb3f0b347dfb0616a1c52d33a7",
   "format": 1
  },
  {
   "name": "plugins/modules/host_errata_info.py",
   "ftype": "file",
   "chksum_type": "sha256",
   "chksum_sha256": "5f5d4d6d6fce0e7bb4adbbb404eaaca5190709f419a82841aa330aeeb3f0e4d2",
   "format": 1
  },
  {
   "name": "plugins/callback",
   "ftype": "dir",
   "chksum_type": null,
   "chksum_sha256": null,
   "format": 1
  },
  {
   "name": "plugins/callback/foreman.py",
   "ftype": "file",
   "chksum_type": "sha256",
   "chksum_sha256": "fdb3bb14f5c396d4fff67b249081c55649bd239f48ef2aadace47973ebbf500d",
   "format": 1
  },
  {
   "name": "plugins/inventory",
   "ftype": "dir",
   "chksum_type": null,
   "chksum_sha256": null,
   "format": 1
  },
  {
   "name": "plugins/inventory/foreman.py",
   "ftype": "file",
   "chksum_type": "sha256",
   "chksum_sha256": "67dfb1b1d7a4efb9ac44a9b96826b93186566a87ae4ce6ae868e5d4482eefba4",
   "format": 1
  },
  {
   "name": "plugins/module_utils",
   "ftype": "dir",
   "chksum_type": null,
   "chksum_sha256": null,
   "format": 1
  },
  {
   "name": "plugins/module_utils/_apypie.py",
   "ftype": "file",
   "chksum_type": "sha256",
   "chksum_sha256": "64b1fb65d27a25332af56815aeba02226dc9b663c09aeb303b543e5dcc1510c5",
   "format": 1
  },
  {
   "name": "plugins/module_utils/foreman_helper.py",
   "ftype": "file",
   "chksum_type": "sha256",
   "chksum_sha256": "39fc466f6299315e3aa0af6b3b8f49d9f08d43f31c397645a889c388d81142f0",
   "format": 1
  },
  {
   "name": "plugins/filter",
   "ftype": "dir",
   "chksum_type": null,
   "chksum_sha256": null,
   "format": 1
  },
  {
   "name": "plugins/filter/foreman.py",
   "ftype": "file",
   "chksum_type": "sha256",
   "chksum_sha256": "0f7c635e75c475f67afd1a19caecee672466d75057f40e91100a7c243beb1e45",
   "format": 1
  },
  {
   "name": "plugins/doc_fragments",
   "ftype": "dir",
   "chksum_type": null,
   "chksum_sha256": null,
   "format": 1
  },
  {
   "name": "plugins/doc_fragments/foreman.py",
   "ftype": "file",
   "chksum_type": "sha256",
   "chksum_sha256": "b947260d43f0ddc1e7f433361a0053340275b6b51d9cea51567e54c7585f2f3f",
   "format": 1
  },
  {
   "name": "requirements.txt",
   "ftype": "file",
   "chksum_type": "sha256",
   "chksum_sha256": "876da4d933e6561c29737e2b9fa47f2df0b309c3ee1dba11d400ba443630cf2f",
   "format": 1
  },
  {
   "name": "README.md",
   "ftype": "file",
   "chksum_type": "sha256",
   "chksum_sha256": "654e6533c0ba1dfdf12229081d2249bfe96cdd8d84974e01bac715acaddf94b5",
   "format": 1
  },
  {
   "name": "LICENSE",
   "ftype": "file",
   "chksum_type": "sha256",
   "chksum_sha256": "8ceb4b9ee5adedde47b31e975c1d90c73ad27b6b165a1dcd80c7c545eb65b903",
   "format": 1
  },
  {
   "name": "CHANGELOG.rst",
   "ftype": "file",
   "chksum_type": "sha256",
   "chksum_sha256": "52460e049d51cf7661d3ba2ce4967043abe8525361083eed7ee161de46b993ae",
   "format": 1
  },
  {
   "name": "changelogs",
   "ftype": "dir",
   "chksum_type": null,
   "chksum_sha256": null,
   "format": 1
  },
  {
   "name": "changelogs/changelog.yaml",
   "ftype": "file",
   "chksum_type": "sha256",
   "chksum_sha256": "5a565f4d62421bbe7e29d90b928023647e025338e88349ddecd2cd04990eb2b5",
   "format": 1
  },
  {
   "name": "meta",
   "ftype": "dir",
   "chksum_type": null,
   "chksum_sha256": null,
   "format": 1
  },
  {
   "name": "meta/runtime.yml",
   "ftype": "file",
   "chksum_type": "sha256",
   "chksum_sha256": "251cab18ad8cc5f080343fc75f5d09ebf715302f0bfd85eeea6188c652c375fa",
   "format": 1
  },
  {
   "name": "bindep.txt",
   "ftype": "file",
   "chksum_type": "sha256",
   "chksum_sha256": "fc573c2e0d6c6dff67cd8e776481a40718c8959a3d9036e312b2c335afafdc3c",
   "format": 1
  },
  {
   "name": "roles",
   "ftype": "dir",
   "chksum_type": null,
   "chksum_sha256": null,
   "format": 1
  },
  {
   "name": "roles/manifest",
   "ftype": "dir",
   "chksum_type": null,
   "chksum_sha256": null,
   "format": 1
  },
  {
   "name": "roles/manifest/defaults",
   "ftype": "dir",
   "chksum_type": null,
   "chksum_sha256": null,
   "format": 1
  },
  {
   "name": "roles/manifest/defaults/main.yml",
   "ftype": "file",
   "chksum_type": "sha256",
   "chksum_sha256": "83e030118cf5fee3dc34d1edd51f81f2af0065ced604a2cd115f87dbaa9bc001",
   "format": 1
  },
  {
   "name": "roles/manifest/README.md",
   "ftype": "file",
   "chksum_type": "sha256",
   "chksum_sha256": "c642ab85608467ce130432d957ad59c29154734d9a1046973a3c420ec854b7c4",
   "format": 1
  },
  {
   "name": "roles/manifest/tasks",
   "ftype": "dir",
   "chksum_type": null,
   "chksum_sha256": null,
   "format": 1
  },
  {
   "name": "roles/manifest/tasks/main.yml",
   "ftype": "file",
   "chksum_type": "sha256",
   "chksum_sha256": "e257d08eaeeac1f8348e1f2068e2560e78ec4bc9f5058adfe13a42f01a34e3f4",
   "format": 1
  },
  {
   "name": "roles/content_rhel",
   "ftype": "dir",
   "chksum_type": null,
   "chksum_sha256": null,
   "format": 1
  },
  {
   "name": "roles/content_rhel/defaults",
   "ftype": "dir",
   "chksum_type": null,
   "chksum_sha256": null,
   "format": 1
  },
  {
   "name": "roles/content_rhel/defaults/main.yml",
   "ftype": "file",
   "chksum_type": "sha256",
   "chksum_sha256": "ce19457ea251862b30ef318caf4bb1fdc05fa9d13c7a046103846b581d397b05",
   "format": 1
  },
  {
   "name": "roles/content_rhel/README.md",
   "ftype": "file",
   "chksum_type": "sha256",
   "chksum_sha256": "2e6471bca12aaf4bd1531a1fd0dd7a676d4218a43b1b3b0ff1a801f565814c4b",
   "format": 1
  },
  {
   "name": "roles/content_rhel/tasks",
   "ftype": "dir",
   "chksum_type": null,
   "chksum_sha256": null,
   "format": 1
  },
  {
   "name": "roles/content_rhel/tasks/main.yml",
   "ftype": "file",
   "chksum_type": "sha256",
   "chksum_sha256": "1c8c584d2f78b9c054d2f5cda60918eee0c2767fbe9c06574d8e58905f7cbb15",
   "format": 1
  },
  {
   "name": "roles/content_credentials",
   "ftype": "dir",
   "chksum_type": null,
   "chksum_sha256": null,
   "format": 1
  },
  {
   "name": "roles/content_credentials/README.md",
   "ftype": "file",
   "chksum_type": "sha256",
   "chksum_sha256": "059d2e2f0643f57d6d2b1eb863a3340cccf14444b3ea3140d03de7f944feef8d",
   "format": 1
  },
  {
   "name": "roles/content_credentials/tasks",
   "ftype": "dir",
   "chksum_type": null,
   "chksum_sha256": null,
   "format": 1
  },
  {
   "name": "roles/content_credentials/tasks/main.yml",
   "ftype": "file",
   "chksum_type": "sha256",
   "chksum_sha256": "28eb5381e020c9a66f82a73eaba5be86ace43825e7edb716e8b0632d51230c42",
   "format": 1
  },
  {
   "name": "roles/hostgroups",
   "ftype": "dir",
   "chksum_type": null,
   "chksum_sha256": null,
   "format": 1
  },
  {
   "name": "roles/hostgroups/README.md",
   "ftype": "file",
   "chksum_type": "sha256",
   "chksum_sha256": "b1dbb83dbc077b1defddeada36dbf723280d59a464d84cbd97cc2da8a260800f",
   "format": 1
  },
  {
   "name": "roles/hostgroups/tasks",
   "ftype": "dir",
   "chksum_type": null,
   "chksum_sha256": null,
   "format": 1
  },
  {
   "name": "roles/hostgroups/tasks/main.yml",
   "ftype": "file",
   "chksum_type": "sha256",
   "chksum_sha256": "0003c1cd106849894261bf52d2021e84d93be7a441189d229f15991350bcc6df",
   "format": 1
  },
  {
   "name": "roles/content_view_version_cleanup",
   "ftype": "dir",
   "chksum_type": null,
   "chksum_sha256": null,
   "format": 1
  },
  {
   "name": "roles/content_view_version_cleanup/README.md",
   "ftype": "file",
   "chksum_type": "sha256",
   "chksum_sha256": "4a74b7408c7c30c51661ad76d17be1548a4f3640a6bbe5441e4b8521c1ba9994",
   "format": 1
  },
  {
   "name": "roles/content_view_version_cleanup/tasks",
   "ftype": "dir",
   "chksum_type": null,
   "chksum_sha256": null,
   "format": 1
  },
  {
   "name": "roles/content_view_version_cleanup/tasks/main.yml",
   "ftype": "file",
   "chksum_type": "sha256",
   "chksum_sha256": "a1da4128dfe04c7585f30fadd54980a4eadbf1d1c4ce214548f2711f6e8b36aa",
   "format": 1
  },
  {
   "name": "roles/content_view_version_cleanup/tasks/delete_cv_versions.yml",
   "ftype": "file",
   "chksum_type": "sha256",
   "chksum_sha256": "9930d4b2a18d70c33148cf82f12c505a0171cf684f1fa9748e889d888654a36a",
   "format": 1
  },
  {
   "name": "roles/content_view_version_cleanup/tasks/find_and_delete_unused_cv_versions.yml",
   "ftype": "file",
   "chksum_type": "sha256",
   "chksum_sha256": "4a6d35bdf28560e1dae9214550e31feff7a51952202f2b4795f63868960b51ae",
   "format": 1
  },
  {
   "name": "roles/organizations",
   "ftype": "dir",
   "chksum_type": null,
   "chksum_sha256": null,
   "format": 1
  },
  {
   "name": "roles/organizations/README.md",
   "ftype": "file",
   "chksum_type": "sha256",
   "chksum_sha256": "06b7099b4edf0a02e22c82dc3ec22e1a135784eae632dbd02af8208f8c1ae39b",
   "format": 1
  },
  {
   "name": "roles/organizations/tasks",
   "ftype": "dir",
   "chksum_type": null,
   "chksum_sha256": null,
   "format": 1
  },
  {
   "name": "roles/organizations/tasks/main.yml",
   "ftype": "file",
   "chksum_type": "sha256",
   "chksum_sha256": "87538fbb27a8072848899d6a1c5b16464f6e6d4bd36354ae9d0c6764a3eb36e2",
   "format": 1
  },
  {
   "name": "roles/content_views",
   "ftype": "dir",
   "chksum_type": null,
   "chksum_sha256": null,
   "format": 1
  },
  {
   "name": "roles/content_views/README.md",
   "ftype": "file",
   "chksum_type": "sha256",
   "chksum_sha256": "ab2958bce504585a3b3c3abb18a7e1ccc37dae9b5cce5016cd789940710b952a",
   "format": 1
  },
  {
   "name": "roles/content_views/tasks",
   "ftype": "dir",
   "chksum_type": null,
   "chksum_sha256": null,
   "format": 1
  },
  {
   "name": "roles/content_views/tasks/main.yml",
   "ftype": "file",
   "chksum_type": "sha256",
   "chksum_sha256": "5b5d748e5835d979570cf708b1c71715e15a49f2c312adf6e573bd43aaec02bf",
   "format": 1
  },
  {
   "name": "roles/content_views/tasks/_create_content_view.yml",
   "ftype": "file",
   "chksum_type": "sha256",
   "chksum_sha256": "964794e54284e54c5ad46c13cc745a88752c2dc2a8a1e4983eb4f37598900431",
   "format": 1
  },
  {
   "name": "roles/repositories",
   "ftype": "dir",
   "chksum_type": null,
   "chksum_sha256": null,
   "format": 1
  },
  {
   "name": "roles/repositories/README.md",
   "ftype": "file",
   "chksum_type": "sha256",
   "chksum_sha256": "b25721019fd223df940134a8a6b4a539f59feb33d87e0459b98789888cf9c846",
   "format": 1
  },
  {
   "name": "roles/repositories/tasks",
   "ftype": "dir",
   "chksum_type": null,
   "chksum_sha256": null,
   "format": 1
  },
  {
   "name": "roles/repositories/tasks/main.yml",
   "ftype": "file",
   "chksum_type": "sha256",
   "chksum_sha256": "e19c69fcab04f5dc17b5d83cb1f9964867a32ccf5a1a76738513975b2bdb7f89",
   "format": 1
  },
  {
   "name": "roles/lifecycle_environments",
   "ftype": "dir",
   "chksum_type": null,
   "chksum_sha256": null,
   "format": 1
  },
  {
   "name": "roles/lifecycle_environments/README.md",
   "ftype": "file",
   "chksum_type": "sha256",
   "chksum_sha256": "bd4dc1e48fe8333510039a128cd35f65d20ff9fc1609e858326026a11815aa6d",
   "format": 1
  },
  {
   "name": "roles/lifecycle_environments/tasks",
   "ftype": "dir",
   "chksum_type": null,
   "chksum_sha256": null,
   "format": 1
  },
  {
   "name": "roles/lifecycle_environments/tasks/main.yml",
   "ftype": "file",
   "chksum_type": "sha256",
   "chksum_sha256": "fbd804133fa4fc8531ef27b38cad3f7d84acfa9084fd50bfd9e4f39aa6e0c9c9",
   "format": 1
  },
  {
   "name": "roles/sync_plans",
   "ftype": "dir",
   "chksum_type": null,
   "chksum_sha256": null,
   "format": 1
  },
  {
   "name": "roles/sync_plans/README.md",
   "ftype": "file",
   "chksum_type": "sha256",
   "chksum_sha256": "cdcc6e4765aa6ec507901dcd4b3959e83e8bce350d4fce35826cec7bc5304fea",
   "format": 1
  },
  {
   "name": "roles/sync_plans/tasks",
   "ftype": "dir",
   "chksum_type": null,
   "chksum_sha256": null,
   "format": 1
  },
  {
   "name": "roles/sync_plans/tasks/main.yml",
   "ftype": "file",
   "chksum_type": "sha256",
   "chksum_sha256": "7fc307325ad22ffb22898fdaa86192e34b54c810f24012b562e971ed5fe158b4",
   "format": 1
  },
  {
   "name": "roles/activation_keys",
   "ftype": "dir",
   "chksum_type": null,
   "chksum_sha256": null,
   "format": 1
  },
  {
   "name": "roles/activation_keys/README.md",
   "ftype": "file",
   "chksum_type": "sha256",
   "chksum_sha256": "bc661135c89fbe8c9bfa0a2e254cb6956d863788a5e7174fb43f4043db7572f9",
   "format": 1
  },
  {
   "name": "roles/activation_keys/tasks",
   "ftype": "dir",
   "chksum_type": null,
   "chksum_sha256": null,
   "format": 1
  },
  {
   "name": "roles/activation_keys/tasks/main.yml",
   "ftype": "file",
   "chksum_type": "sha256",
   "chksum_sha256": "b2397bdcbfe287ec932e544e6c95656e80a0b8b9b57cb48da6865e0acc3dd4ba",
   "format": 1
  }
 ],
 "format": 1
}